{"cameraMode":{"drawMode":0,"name":"Shaded","section":"Shading Mode"},"sceneLighting":false,"audioPlay":false,"sceneViewState":{"m_AlwaysRefresh":false,"showFog":true,"showSkybox":false,"showFlares":true,"showImageEffects":true,"showParticleSystems":true,"showVisualEffectGraphs":true,"m_FxEnabled":true},"in2DMode":false,"pivot":{"x":-5.329999923706055,"y":0.44999998807907107,"z":8.869998931884766},"rotation":{"x":0.11366510391235352,"y":-0.20378394424915315,"z":0.023954151198267938,"w":0.9722216129302979},"size":17.014699935913087,"orthographic":false}